Product ID,Product Name,Product Category,Product Description,Price,Stock Quantity,Warranty Period,Product Dimensions,Manufacturing Date,Expiration Date,SKU,Product Tags,Color/Size Variations,Product Ratings
93TGNAY7,Laptop,Home Appliances,Product_XU5QX,253.17,3,2,16x15x15 cm,01-01-2023,01-01-2026,8NMFZ4,"VNU,NZ6",Green/Large,2
TYYZ5AV7,Smartphone,Clothing,Product_NRUMS,214.37,92,2,15x19x19 cm,15-03-2023,01-01-2025,7P5YCW,"ZJA,0D3",Red/Small,2
5C94FGTQ,Headphones,Clothing,Product_IT7HG,475.29,19,2,9x6x6 cm,15-03-2023,01-01-2026,YW5BME,"ZNG,MAP",Red/Small,1
XBHKYPQB,Monitor,Clothing,Product_8SBDO,403.33,40,1,7x13x5 cm,01-01-2023,01-01-2026,65MQC3,"RPP,M40",Green/Large,1
728GCZFU,Laptop,Home Appliances,Product_54FAF,229.81,32,2,20x20x19 cm,30-07-2023,01-01-2026,RLCBRW,"R8U,X46",Blue/Medium,4
27R9M103,Smartphone,Electronics,Product_Z5CGR,18.87,98,3,11x16x7 cm,01-01-2023,01-01-2024,UKNO5L,"KMQ,39Z",Green/Large,5
JDOVOMY2,Headphones,Home Appliances,Product_7IBNL,81.29,32,3,14x18x14 cm,01-01-2023,01-01-2026,L72TO4,"8JR,Z6A",Green/Large,2
0KHFMXFN,Monitor,Home Appliances,Product_GFUOS,21.35,48,2,11x6x11 cm,01-01-2023,01-01-2026,4C11JZ,"M0V,5ES",Blue/Medium,1
T4F2EW7G,Monitor,Home Appliances,Product_VSWHF,229.05,100,3,5x6x9 cm,01-01-2023,01-01-2025,8CE8EZ,"QVL,QKX",Green/Large,5
GL199BEL,Smartphone,Clothing,Product_HMH7Q,446.23,47,2,12x5x10 cm,01-01-2023,01-01-2026,UHYG3Y,"WNW,S2K",Green/Large,4
SX7HALUU,Monitor,Electronics,Product_SM05O,322.11,74,2,20x5x6 cm,30-07-2023,01-01-2024,45ODXB,"DLM,8UG",Green/Large,2
1AOXE5QW,Headphones,Clothing,Product_IXUWP,371.68,36,2,15x17x13 cm,15-03-2023,01-01-2024,WUKLQ8,"C2U,8GK",Green/Large,1
KOXR70B4,Smartphone,Home Appliances,Product_2SHT8,452.1,61,3,20x11x15 cm,15-03-2023,01-01-2025,9MGRX9,"9IS,VPP",Red/Small,4
X2D1GWO5,Monitor,Clothing,Product_5TYRK,27.31,40,3,11x9x16 cm,01-01-2023,01-01-2024,BGJTMN,"ZNB,Y61",Blue/Medium,4
ZKI2USNA,Laptop,Home Appliances,Product_56JPR,203.69,91,1,15x8x7 cm,01-01-2023,01-01-2025,LZWGTM,"PY8,YKO",Red/Small,2
EPKS7ECS,Smartphone,Clothing,Product_UPJGT,176.18,48,2,15x17x15 cm,30-07-2023,01-01-2024,ACTGNP,"CNR,0BZ",Blue/Medium,3
UB8UO1PA,Monitor,Electronics,Product_EFPA6,424.19,31,3,11x9x13 cm,01-01-2023,01-01-2026,M1RZV2,"8P4,A68",Blue/Medium,1
6ID782KK,Monitor,Clothing,Product_2N5R9,331.49,41,2,19x12x10 cm,30-07-2023,01-01-2026,A7U5V6,"CIP,2JO",Blue/Medium,5
YWJW03Z5,Headphones,Electronics,Product_QMM8Y,470.63,95,3,19x5x20 cm,15-03-2023,01-01-2025,5TJMJB,"0HK,49N",Red/Small,3
44WFTM8R,Smartphone,Home Appliances,Product_EMKXE,45.22,28,1,8x10x19 cm,30-07-2023,01-01-2025,7PIGAO,"KDZ,R63",Red/Small,2
CVYLYMJ3,Laptop,Clothing,Product_P8SC9,47.46,75,2,13x16x14 cm,15-03-2023,01-01-2025,218UVR,"DPX,Z01",Red/Small,1
9UQRU4ZU,Smartphone,Electronics,Product_2UN6K,103.02,51,3,13x9x5 cm,30-07-2023,01-01-2026,NC1SXI,"7OW,PLE",Green/Large,2
4RBD28EN,Headphones,Electronics,Product_GE3MG,189.22,19,3,6x6x7 cm,30-07-2023,01-01-2024,TL8IKI,"C19,3MV",Blue/Medium,3
XNTCQGCN,Laptop,Electronics,Product_QPH41,141.34,51,2,6x12x18 cm,30-07-2023,01-01-2024,MHPHI1,"XL4,92D",Green/Large,3
T27XMDD2,Smartphone,Clothing,Product_YLGLH,272.92,81,2,5x20x11 cm,01-01-2023,01-01-2026,UV0ZKV,"80L,HN3",Blue/Medium,3
OR97MBZ1,Smartphone,Home Appliances,Product_5GANS,464.04,100,3,11x10x7 cm,30-07-2023,01-01-2024,U90NV3,"PE6,DB3",Green/Large,3
HGFIOVL2,Monitor,Electronics,Product_01MSU,247.19,95,1,7x8x11 cm,15-03-2023,01-01-2024,V5XZAP,"2ZL,WXZ",Red/Small,3
758FMQ42,Laptop,Electronics,Product_HYZAV,330.94,84,2,19x5x16 cm,01-01-2023,01-01-2026,TRVV6N,"BY6,KRM",Blue/Medium,2
8XJVYL79,Monitor,Home Appliances,Product_PETDB,57.9,63,2,5x20x19 cm,15-03-2023,01-01-2024,RC5RTX,"4PD,TUV",Green/Large,5
YWS54ZGS,Smartphone,Clothing,Product_H0G19,312.98,70,3,16x19x19 cm,30-07-2023,01-01-2025,AIF32C,"E8Y,IOV",Green/Large,4
LI5AGJNV,Headphones,Clothing,Product_J7CSI,395.57,41,2,12x8x7 cm,30-07-2023,01-01-2025,PY4J88,"JES,S1X",Green/Large,2
YN96ICPB,Laptop,Electronics,Product_YLM13,465.68,100,3,12x13x16 cm,01-01-2023,01-01-2025,GWZT40,"9AF,9NB",Blue/Medium,4
W2KSX5TA,Smartphone,Electronics,Product_NESNU,384.96,73,3,12x20x19 cm,30-07-2023,01-01-2024,AAILGY,"RV5,IIT",Blue/Medium,1
GF0IT7WH,Monitor,Electronics,Product_7W9HQ,294.11,43,2,9x6x7 cm,30-07-2023,01-01-2024,DMZBLI,"EWB,IHL",Red/Small,5
01MM8M6E,Laptop,Clothing,Product_2PKWZ,149.96,94,3,17x19x14 cm,15-03-2023,01-01-2024,3VW3PG,"ELH,IWY",Green/Large,1
YTFM1TLG,Smartphone,Clothing,Product_XDVMX,286.13,12,1,18x15x8 cm,01-01-2023,01-01-2025,RDLJXU,"T38,0YK",Blue/Medium,1
XNJQXRM1,Laptop,Electronics,Product_0PX05,32.71,37,1,15x19x5 cm,01-01-2023,01-01-2026,V3UIA8,"PGW,63E",Green/Large,5
B961OWR5,Monitor,Electronics,Product_7GRFP,302.71,74,2,17x5x16 cm,30-07-2023,01-01-2024,02HK54,"ZWM,Z1G",Blue/Medium,2
R0VD36R0,Monitor,Electronics,Product_RDF6F,405.37,96,2,18x11x19 cm,01-01-2023,01-01-2025,7SR7CY,"DQ5,WK2",Blue/Medium,3
VLWYYV8I,Monitor,Home Appliances,Product_DWHEI,301.6,19,3,19x19x11 cm,01-01-2023,01-01-2026,3ZVH4S,"UHO,8H4",Red/Small,3
R34NP2U9,Smartphone,Home Appliances,Product_CAWFA,45.34,12,2,19x15x15 cm,30-07-2023,01-01-2026,BYIQMZ,"7HZ,ZM2",Blue/Medium,2
LFP5YYLI,Monitor,Clothing,Product_4CNSF,111.16,46,3,13x19x19 cm,30-07-2023,01-01-2025,Q3D5UR,"2OX,AK9",Blue/Medium,5
XYNAPOCA,Laptop,Electronics,Product_CBV7I,390.3,91,3,8x16x19 cm,30-07-2023,01-01-2024,VNT8NM,"WGF,D0Z",Red/Small,3
AN8PGC9A,Smartphone,Home Appliances,Product_12419,498.84,75,3,7x6x5 cm,01-01-2023,01-01-2025,YT7WWI,"WXC,D5M",Blue/Medium,3
EJOM3BJH,Laptop,Home Appliances,Product_LKYKQ,241.93,86,1,18x7x17 cm,15-03-2023,01-01-2024,OUA0TZ,"6BK,V4N",Green/Large,4
8BQDEI82,Monitor,Clothing,Product_8CL7T,101.45,87,2,11x7x16 cm,30-07-2023,01-01-2026,FEZFQD,"X0I,RXS",Blue/Medium,3
52HPB9QY,Smartphone,Home Appliances,Product_DLDAA,289.7,87,2,11x17x6 cm,01-01-2023,01-01-2025,6T1JOK,"TWV,S21",Blue/Medium,2
3VS5XCWL,Headphones,Clothing,Product_W1NV4,149.54,92,1,7x15x15 cm,01-01-2023,01-01-2025,3DQBKV,"AHC,6OD",Red/Small,3
IZN34WM6,Smartphone,Home Appliances,Product_DCD32,393.54,72,1,16x20x8 cm,01-01-2023,01-01-2025,B5IULX,"2YC,JP1",Green/Large,3
E6PDMLSD,Headphones,Electronics,Product_TQWN0,468.21,11,3,18x13x13 cm,15-03-2023,01-01-2024,919BPS,"S2C,GN7",Green/Large,2
CREV63V4,Laptop,Clothing,Product_ZY3G2,38.1,10,1,13x12x18 cm,01-01-2023,01-01-2024,5QHIMQ,"X81,0BL",Blue/Medium,2
HEB5CHW5,Laptop,Clothing,Product_JMCKE,179.54,86,3,12x7x14 cm,15-03-2023,01-01-2026,L4RG1R,"YWO,2AI",Green/Large,4
K4BN9L0D,Laptop,Home Appliances,Product_QZUR8,329.15,79,1,19x10x9 cm,01-01-2023,01-01-2024,VQWP1F,"DHR,P9F",Blue/Medium,3
2BBH5XLH,Monitor,Home Appliances,Product_XALNV,74.39,76,2,7x6x9 cm,15-03-2023,01-01-2025,5C0PIB,"3S1,G45",Red/Small,4
NZ99U0W6,Smartphone,Electronics,Product_7766T,174.84,44,3,19x7x11 cm,15-03-2023,01-01-2026,LIG2DW,"F86,D68",Red/Small,4
JHQ82GFX,Monitor,Clothing,Product_XM4P4,402.31,5,1,20x14x14 cm,30-07-2023,01-01-2026,OGLFIN,"WPK,LZ5",Blue/Medium,5
LA0QZ0CZ,Smartphone,Electronics,Product_AU25H,291.37,10,3,7x19x18 cm,01-01-2023,01-01-2025,MVRCWD,"C7T,GMQ",Blue/Medium,4
273RFMHT,Smartphone,Home Appliances,Product_6SLGO,233.38,99,1,5x6x14 cm,30-07-2023,01-01-2024,NKG9KW,"Z0F,2WK",Red/Small,3
WXWE8K8M,Smartphone,Electronics,Product_IPOFH,329.15,21,3,13x15x16 cm,30-07-2023,01-01-2026,8K2QGQ,"IW5,HTK",Blue/Medium,5
W74EI8WM,Smartphone,Clothing,Product_E14DG,265.5,56,2,13x13x12 cm,30-07-2023,01-01-2024,4INHR5,"NGA,XH9",Green/Large,3
E2QJSTCD,Headphones,Clothing,Product_XQAE0,373.91,51,1,13x15x5 cm,30-07-2023,01-01-2026,PTWM0B,"5S3,GIR",Blue/Medium,1
ERAFRESU,Smartphone,Home Appliances,Product_9G8JO,462.28,63,1,16x16x7 cm,15-03-2023,01-01-2025,UFXEUS,"T3J,6FY",Green/Large,4
AXJKGT1D,Smartphone,Clothing,Product_SSMWR,167.95,18,3,18x14x12 cm,01-01-2023,01-01-2025,MDGW89,"PV4,8DN",Green/Large,1
D6D6IIET,Laptop,Home Appliances,Product_0R6F6,229.38,39,3,17x20x17 cm,30-07-2023,01-01-2025,PDF7HC,"UJG,45D",Blue/Medium,2
30O9HAXH,Monitor,Clothing,Product_LU94V,298.48,97,2,18x20x13 cm,15-03-2023,01-01-2026,AFE2M3,"FKN,L5Y",Blue/Medium,1
9Y137KWW,Laptop,Home Appliances,Product_MSMHX,251.13,2,1,12x5x6 cm,15-03-2023,01-01-2024,UU8RM7,"6M3,HQJ",Red/Small,3
9QCU5LIT,Laptop,Home Appliances,Product_WOW4S,243.63,51,3,8x17x7 cm,01-01-2023,01-01-2024,AZ8SY1,"NSI,44N",Red/Small,3
D7A6L8TX,Headphones,Clothing,Product_KQ42E,442.91,8,2,19x8x20 cm,15-03-2023,01-01-2025,9C2P9J,"RYY,NQK",Blue/Medium,3
381AZNE9,Headphones,Home Appliances,Product_Y3ZMW,272.05,16,3,6x12x8 cm,30-07-2023,01-01-2025,SRWI8U,"FJU,J6N",Green/Large,3
5U6RM8NQ,Laptop,Clothing,Product_ZW2ZF,145.28,37,2,19x17x15 cm,30-07-2023,01-01-2026,4GJPTL,"1UX,RQ6",Red/Small,3
81G13OYQ,Monitor,Electronics,Product_3M7DV,303.83,44,1,19x13x11 cm,01-01-2023,01-01-2025,80K5PD,"783,PHI",Blue/Medium,2
Q6D8PU45,Headphones,Clothing,Product_65LX5,496.18,4,2,19x5x17 cm,01-01-2023,01-01-2024,ZP5322,"LHG,ACC",Green/Large,4
UP51GX64,Headphones,Home Appliances,Product_UBRJS,115.19,30,3,15x7x16 cm,01-01-2023,01-01-2024,8ARFH5,"GHA,JYS",Blue/Medium,3
HZ0V0CP4,Smartphone,Electronics,Product_L1U3N,497.17,3,1,16x20x5 cm,01-01-2023,01-01-2024,361JJC,"437,3AX",Blue/Medium,4
7370NVFD,Smartphone,Electronics,Product_3U3CZ,445.68,7,1,10x8x8 cm,15-03-2023,01-01-2026,1XLJ64,"YJ5,CTC",Red/Small,4
P18HXNO7,Headphones,Clothing,Product_6DMYW,335.57,25,2,6x16x20 cm,30-07-2023,01-01-2024,2PY5H5,"GCA,0FR",Red/Small,2
7LSZNWE6,Smartphone,Electronics,Product_BU5WB,296.84,81,1,17x18x18 cm,15-03-2023,01-01-2024,1N92BW,"RL7,WNG",Green/Large,3
CMDO6EH5,Laptop,Electronics,Product_ZZ84L,290.54,60,3,13x5x12 cm,15-03-2023,01-01-2024,OTFXG1,"KTE,08V",Green/Large,3
BYBMMR12,Smartphone,Electronics,Product_RSBYN,210.08,37,1,17x10x13 cm,01-01-2023,01-01-2025,KERQ20,"HDK,IDP",Blue/Medium,4
CJVYM871,Headphones,Electronics,Product_WALNT,371.57,47,3,18x11x12 cm,30-07-2023,01-01-2024,O7YTZO,"J7C,HB3",Red/Small,1
BG6310C8,Laptop,Electronics,Product_KQKYB,285.28,3,1,6x10x18 cm,01-01-2023,01-01-2026,5YB4LU,"I6M,E75",Blue/Medium,1
ZBU2M4S7,Laptop,Home Appliances,Product_LT3RV,259.18,92,1,14x6x8 cm,01-01-2023,01-01-2026,NKBAFV,"2C5,OOJ",Green/Large,3
V48DVTYY,Laptop,Clothing,Product_3126M,237.78,98,3,5x5x13 cm,15-03-2023,01-01-2025,5U3PK9,"P19,NZ2",Green/Large,2
DZ7167XR,Laptop,Home Appliances,Product_DCWVC,104.78,41,1,5x12x9 cm,01-01-2023,01-01-2024,N9MWIZ,"G8N,UHM",Red/Small,5
NAGQPF4M,Monitor,Clothing,Product_SBW4G,114.64,61,1,18x11x13 cm,01-01-2023,01-01-2025,KAHW4R,"TBG,EXX",Green/Large,1
HVUA6QCR,Smartphone,Home Appliances,Product_XVL8S,155.72,91,3,16x6x9 cm,01-01-2023,01-01-2024,7OTGQL,"IL0,RBG",Blue/Medium,3
QALGU4PU,Laptop,Electronics,Product_PK5MU,425.77,27,1,5x11x7 cm,15-03-2023,01-01-2026,ZQNZXV,"V7C,WV1",Green/Large,2
NFCMWTRL,Laptop,Clothing,Product_AK13G,491.67,52,3,10x14x8 cm,01-01-2023,01-01-2026,00M17R,"NAG,NZM",Blue/Medium,1
7KEY4N13,Monitor,Clothing,Product_403AX,294.34,36,2,9x15x10 cm,01-01-2023,01-01-2026,3XV2AR,"TCL,371",Red/Small,1
DYV4IIBE,Monitor,Electronics,Product_S7QG6,188.64,27,1,18x19x17 cm,15-03-2023,01-01-2024,TY3HKZ,"YW8,7GS",Blue/Medium,4
IS1LBY0Y,Monitor,Clothing,Product_XIG6N,152.8,11,1,18x8x10 cm,30-07-2023,01-01-2025,UQDO9W,"VAT,6FI",Blue/Medium,3
2HC2Q36U,Monitor,Clothing,Product_IZ99X,468.64,10,1,16x11x18 cm,01-01-2023,01-01-2024,9V6U65,"0OK,NKO",Red/Small,1
Y4VIQZCW,Headphones,Home Appliances,Product_RJAVZ,483.5,57,2,13x12x11 cm,15-03-2023,01-01-2026,0I0ESD,"3BR,FUE",Green/Large,4
JLOWSHTS,Headphones,Home Appliances,Product_2RR7O,163.34,53,2,13x8x15 cm,15-03-2023,01-01-2025,NXEP4P,"S82,3ZY",Green/Large,3
9ZMDB8EW,Monitor,Home Appliances,Product_S1YZZ,309.96,38,1,18x8x10 cm,01-01-2023,01-01-2026,AURP27,"U5M,VTH",Red/Small,1
ZRC3DELS,Headphones,Electronics,Product_VOAB2,430.65,57,1,8x19x12 cm,30-07-2023,01-01-2024,ETMAGL,"2BN,UJI",Green/Large,2
T1PSU1OL,Monitor,Clothing,Product_SJKN0,468.67,41,2,11x12x5 cm,15-03-2023,01-01-2026,P57TUZ,"BQK,EQ5",Blue/Medium,1
YTGMHSGA,Smartphone,Electronics,Product_6LI96,44.57,34,2,20x18x6 cm,30-07-2023,01-01-2026,7VZAOT,"X3R,J8N",Green/Large,1
I7H03T4S,Laptop,Home Appliances,Product_LX7G8,238.49,57,1,10x8x17 cm,30-07-2023,01-01-2026,MUTASG,"ZTM,0ED",Blue/Medium,4
QBRJ1VTE,Monitor,Electronics,Product_BR1BQ,299.49,40,1,10x17x8 cm,30-07-2023,01-01-2026,CMI0Y7,"W2S,B8E",Blue/Medium,5
CYVT4HC7,Headphones,Electronics,Product_QZUNE,181.37,66,2,7x14x15 cm,30-07-2023,01-01-2024,P4FH9N,"TTJ,7NC",Red/Small,3
C44BLRMA,Laptop,Electronics,Product_1OX43,208.29,9,2,12x19x5 cm,15-03-2023,01-01-2024,SM7YO4,"69D,05Y",Blue/Medium,5
AXQOZXAQ,Headphones,Electronics,Product_A0DFL,492.79,74,3,12x7x17 cm,30-07-2023,01-01-2026,L84J2X,"PIL,K5P",Green/Large,2
8M7VZ1RL,Smartphone,Clothing,Product_K13OV,181.24,62,3,13x5x7 cm,15-03-2023,01-01-2024,LIDZV9,"ELV,30I",Green/Large,1
N6AM2SV6,Headphones,Home Appliances,Product_9EXXG,444.83,65,2,8x8x19 cm,15-03-2023,01-01-2024,GQ1QZV,"5GX,QBH",Blue/Medium,4
TOME0UZT,Headphones,Clothing,Product_5S7EO,422.28,90,2,7x17x8 cm,15-03-2023,01-01-2026,ZXCWVJ,"PV2,BU2",Red/Small,5
LUIWVOYB,Headphones,Electronics,Product_6B641,461.05,57,2,6x5x10 cm,01-01-2023,01-01-2025,Y4KDXG,"LOE,BVB",Red/Small,2
6J5NNB29,Smartphone,Clothing,Product_I4OAD,334.23,57,1,20x20x8 cm,30-07-2023,01-01-2024,TH2FJA,"SN2,PHA",Red/Small,5
NF7YVS6M,Laptop,Clothing,Product_D7NXV,277.52,17,3,12x9x20 cm,15-03-2023,01-01-2025,0B5LDF,"230,5M0",Blue/Medium,3
6ULTHL44,Smartphone,Clothing,Product_R0T4O,381.09,51,1,14x16x20 cm,15-03-2023,01-01-2026,0X9GHF,"Y07,P08",Red/Small,3
VM9GXXZC,Smartphone,Clothing,Product_5S7IW,471.6,63,3,7x20x17 cm,30-07-2023,01-01-2024,XEP9XI,"IRX,V2B",Blue/Medium,5
1Q3649GM,Smartphone,Clothing,Product_HOZTM,182.31,17,1,12x20x13 cm,01-01-2023,01-01-2024,NRLUD3,"YIN,6M7",Red/Small,5
IWXBF9I3,Monitor,Clothing,Product_B7M14,196.87,34,2,18x13x12 cm,30-07-2023,01-01-2024,CVD7VI,"QWO,VCA",Green/Large,1
A9WXE065,Monitor,Home Appliances,Product_3YUN8,271.66,50,2,19x5x14 cm,01-01-2023,01-01-2025,S4FJYA,"Q36,344",Red/Small,1
KG4C781G,Monitor,Clothing,Product_U46WP,24.5,94,1,6x7x15 cm,30-07-2023,01-01-2026,4PTY5U,"FE2,HPG",Green/Large,4
0QO29QT9,Monitor,Clothing,Product_ED08J,232.91,65,2,17x18x19 cm,30-07-2023,01-01-2024,6D2K6H,"HWK,KWT",Blue/Medium,4
8CMR8SVE,Smartphone,Home Appliances,Product_WEKOX,202.37,94,2,11x12x16 cm,30-07-2023,01-01-2024,MEAZD2,"5ZR,C25",Red/Small,2
CZX128OR,Smartphone,Clothing,Product_2LM9T,497.46,92,3,18x12x16 cm,30-07-2023,01-01-2025,HGN9LT,"4GY,RHA",Blue/Medium,5
2L4BA6CA,Monitor,Home Appliances,Product_YJR5F,66.33,85,1,13x15x14 cm,01-01-2023,01-01-2024,W5992M,"XMH,FYB",Green/Large,5
DCLH9XED,Laptop,Home Appliances,Product_2QWV8,451.97,37,1,7x14x11 cm,01-01-2023,01-01-2024,Z1NCP7,"M80,KNW",Blue/Medium,3
D4XYTW1Y,Laptop,Clothing,Product_5OMSY,199.48,100,2,7x20x9 cm,15-03-2023,01-01-2025,V2IM9Z,"4W6,FDN",Blue/Medium,3
952TOLXU,Monitor,Clothing,Product_A3QF7,39.78,90,1,19x9x9 cm,30-07-2023,01-01-2024,61Y0PV,"5TM,WCJ",Red/Small,5
M7XTS2SI,Laptop,Electronics,Product_35HS0,484.23,83,3,20x20x6 cm,30-07-2023,01-01-2025,B4MR1S,"3N6,BKN",Green/Large,1
B100V4FB,Smartphone,Clothing,Product_U840Y,140.45,47,2,17x9x19 cm,01-01-2023,01-01-2024,3E5V64,"U6H,QTK",Blue/Medium,1
LEJ2VZVS,Headphones,Home Appliances,Product_B24F3,361.9,25,3,8x9x8 cm,01-01-2023,01-01-2025,K6T9PH,"PZD,CX7",Green/Large,5
5989778W,Laptop,Electronics,Product_X9PWQ,268,19,3,10x12x10 cm,01-01-2023,01-01-2024,6P7WE9,"V48,L01",Green/Large,2
RAPIFH2X,Laptop,Electronics,Product_SZ221,477.69,74,1,9x20x10 cm,30-07-2023,01-01-2026,2QECYI,"M9M,67D",Green/Large,2
YOCEX6MH,Smartphone,Clothing,Product_X5J4B,326.1,95,1,19x9x10 cm,15-03-2023,01-01-2024,J49JX6,"ZSK,8XB",Red/Small,1
4Q1IB9FD,Smartphone,Home Appliances,Product_45YQP,127.17,11,2,13x20x20 cm,01-01-2023,01-01-2025,XT748L,"79A,R0P",Red/Small,3
Y060Z3GT,Laptop,Home Appliances,Product_RVWIB,494.26,28,1,13x17x15 cm,30-07-2023,01-01-2026,20S2ON,"5V1,4MX",Green/Large,1
GSRQE40O,Monitor,Home Appliances,Product_YIKI7,168.71,92,2,11x8x5 cm,01-01-2023,01-01-2024,FX6CEQ,"HI9,I0F",Green/Large,1
R1FT3LGC,Headphones,Clothing,Product_PI5I9,181.28,54,1,6x9x11 cm,01-01-2023,01-01-2025,D536ET,"7VE,1WY",Blue/Medium,4
TDZBOWJI,Laptop,Clothing,Product_4BCRJ,469.01,36,1,7x15x8 cm,01-01-2023,01-01-2026,G85QAK,"MMA,P4O",Blue/Medium,2
NAA3YQVC,Monitor,Clothing,Product_UO8H0,300.53,58,2,13x15x13 cm,30-07-2023,01-01-2026,IZBJHU,"DZ3,OH7",Red/Small,1
XWWMXXA8,Headphones,Home Appliances,Product_K4PVT,493.4,83,1,12x9x18 cm,30-07-2023,01-01-2025,YB6ISH,"7XH,WTD",Green/Large,1
GBGBAS5X,Smartphone,Electronics,Product_HA6M6,370.88,67,3,14x10x8 cm,01-01-2023,01-01-2024,3XRAX0,"OQ6,UD1",Red/Small,1
QI0AO289,Monitor,Clothing,Product_D0I2V,294.71,59,3,11x12x11 cm,15-03-2023,01-01-2026,26X44C,"1A8,OW0",Blue/Medium,5
FL2A2A3V,Monitor,Electronics,Product_X7YQ2,406.95,29,1,20x13x13 cm,30-07-2023,01-01-2025,N94RG5,"SNV,D80",Blue/Medium,5
RX6OUC5Q,Smartphone,Electronics,Product_POS7H,152.27,30,3,7x17x9 cm,15-03-2023,01-01-2026,4H3PAB,"WVW,NGN",Blue/Medium,4
7A8Z5XKY,Monitor,Electronics,Product_NHAYA,55.96,52,3,20x10x10 cm,01-01-2023,01-01-2026,FRYKJ7,"WQO,5W1",Blue/Medium,3
KCX97SS4,Monitor,Electronics,Product_0935R,133.05,18,3,19x5x12 cm,15-03-2023,01-01-2024,LN5XJI,"J1S,JA6",Red/Small,5
1RHY2WYE,Smartphone,Home Appliances,Product_LIX26,223.8,95,1,16x14x8 cm,30-07-2023,01-01-2025,2ZCR3D,"H4H,TI2",Blue/Medium,5
Y2KR5WJ3,Laptop,Clothing,Product_3IVR2,384.5,40,3,10x5x14 cm,15-03-2023,01-01-2025,CF9LCQ,"VCU,55U",Red/Small,1
KCLY1NBD,Monitor,Electronics,Product_7EK8D,36.82,99,2,10x20x9 cm,30-07-2023,01-01-2025,EUK16H,"T8D,CBF",Red/Small,2
7D2N21XG,Headphones,Clothing,Product_AZTM8,38.82,10,1,5x5x5 cm,15-03-2023,01-01-2025,42EA5M,"8C4,YA8",Green/Large,5
R7DSJBQE,Headphones,Electronics,Product_ZIREG,100.97,46,1,7x6x16 cm,15-03-2023,01-01-2026,KWGLCV,"494,DUQ",Green/Large,5
PDH421U3,Smartphone,Clothing,Product_BJ2O2,293.06,87,2,12x18x15 cm,30-07-2023,01-01-2025,R70TRF,"YC7,KB7",Blue/Medium,4
FH9OHJZE,Smartphone,Electronics,Product_FH9Z2,41.65,30,3,17x19x9 cm,15-03-2023,01-01-2026,SFLOEZ,"3KQ,GVI",Green/Large,2
3X09T2X9,Headphones,Home Appliances,Product_DLYED,349.24,5,3,18x20x15 cm,01-01-2023,01-01-2025,64WYKT,"55Y,VBM",Red/Small,2
9BICLRWQ,Monitor,Electronics,Product_BIH3I,338.48,26,1,14x18x10 cm,15-03-2023,01-01-2024,UI6CBF,"J2H,ZMU",Blue/Medium,2
LO2PMDHN,Laptop,Clothing,Product_BC7HK,36.4,16,1,20x5x13 cm,30-07-2023,01-01-2026,04G5ZX,"BMQ,VXV",Red/Small,2
55JULQKK,Monitor,Clothing,Product_67YIJ,177.15,66,3,7x17x5 cm,15-03-2023,01-01-2025,D52R25,"BZ5,KRU",Red/Small,4
2P9HU6UT,Laptop,Electronics,Product_S8KK2,32.48,59,2,10x8x9 cm,15-03-2023,01-01-2025,H2LZR9,"TWD,KZV",Red/Small,1
PSMRQUBI,Smartphone,Clothing,Product_7N9EX,433.67,74,3,17x13x15 cm,30-07-2023,01-01-2025,C7B690,"09R,6H9",Green/Large,2
O7X3RD6H,Laptop,Clothing,Product_C9F5V,269.59,35,2,19x20x9 cm,15-03-2023,01-01-2026,8TI099,"3TD,7VG",Green/Large,2
8DOQDUEN,Monitor,Electronics,Product_IIXE3,485.3,60,1,13x11x9 cm,30-07-2023,01-01-2024,FECLAW,"Z0R,VIP",Green/Large,1
C92SS2RS,Smartphone,Home Appliances,Product_5HIYT,29.63,43,1,15x14x13 cm,30-07-2023,01-01-2026,6UOZOS,"ILZ,1ES",Green/Large,3
LW6ZR2M1,Monitor,Electronics,Product_CQBI3,283.68,95,1,6x5x19 cm,01-01-2023,01-01-2026,HYW7S7,"2Z7,JI4",Blue/Medium,5
Y05U1DSX,Smartphone,Home Appliances,Product_782QG,496.16,93,1,20x20x16 cm,01-01-2023,01-01-2026,VLEYS1,"3NH,K7L",Red/Small,3
XK9BCTZ6,Laptop,Clothing,Product_NXFI3,310.91,1,3,9x5x12 cm,01-01-2023,01-01-2026,UQ7SLI,"2,22,498",Blue/Medium,2
45QSNHSF,Smartphone,Electronics,Product_9SW3K,164.32,16,1,7x17x10 cm,15-03-2023,01-01-2026,YFXJAZ,"FJ4,DIQ",Red/Small,1
UMJ25HET,Monitor,Clothing,Product_MRD5G,217.16,8,3,13x20x17 cm,15-03-2023,01-01-2024,3IW4HL,"Z65,78C",Green/Large,3
TUPKUVLO,Headphones,Electronics,Product_TVJED,249.01,52,3,7x11x16 cm,30-07-2023,01-01-2026,BAWD52,"T8N,I4G",Red/Small,2
FX1E6LCV,Headphones,Clothing,Product_YU3Z9,349,74,3,13x14x18 cm,15-03-2023,01-01-2024,CMT8PP,"TXY,EPL",Blue/Medium,4
G5ER2KUM,Laptop,Electronics,Product_3QA6A,263.27,42,3,13x16x20 cm,30-07-2023,01-01-2024,CPVEI8,"TP5,NED",Red/Small,1
88OYV8O1,Monitor,Clothing,Product_LDU5I,29.04,76,1,14x6x5 cm,01-01-2023,01-01-2026,EXYZY4,"BUK,IFL",Green/Large,5
MDNP1M45,Smartphone,Electronics,Product_SM7QT,68.19,36,1,16x19x20 cm,01-01-2023,01-01-2025,W9M6SF,"S1N,7HL",Red/Small,3
PMJ49WI1,Smartphone,Home Appliances,Product_I6SJZ,55.81,22,3,15x10x8 cm,01-01-2023,01-01-2025,BC8OZ3,"VEA,ZJ8",Red/Small,3
Q46SQSNV,Monitor,Electronics,Product_75UFN,353.75,100,2,13x18x12 cm,01-01-2023,01-01-2024,YZ0NQA,"WA5,22L",Blue/Medium,3
M2EA7N35,Headphones,Home Appliances,Product_R5ULO,261.53,92,2,14x9x15 cm,30-07-2023,01-01-2026,2JHAN9,"UZ4,GT3",Blue/Medium,2
2H1N18S7,Headphones,Electronics,Product_9H8JD,182.06,20,3,6x11x19 cm,30-07-2023,01-01-2026,WVFC7J,"H53,1RQ",Red/Small,4
KQNFQDK7,Monitor,Clothing,Product_SKRQW,269.01,38,1,16x13x8 cm,30-07-2023,01-01-2025,XQ2FSL,"GPT,CR3",Blue/Medium,1
80I5VAMQ,Monitor,Home Appliances,Product_C1IGT,20.57,14,2,20x8x17 cm,15-03-2023,01-01-2026,9RJI2D,"0WF,SAM",Blue/Medium,3
6G3NLVB5,Monitor,Electronics,Product_PRZC9,193.04,68,1,20x17x20 cm,01-01-2023,01-01-2025,NDKPP8,"8N8,JF8",Red/Small,2
807M5B0Z,Smartphone,Clothing,Product_18XKK,330.82,81,3,11x17x12 cm,30-07-2023,01-01-2025,ID0WC3,"5WP,1K1",Red/Small,1
VY3371EV,Laptop,Electronics,Product_VKY5D,491.81,2,2,15x16x17 cm,15-03-2023,01-01-2025,0HI5ZD,"MN4,AJ1",Green/Large,5
TQBY3W2I,Smartphone,Home Appliances,Product_SB271,482.32,78,1,12x11x8 cm,15-03-2023,01-01-2024,YVWQLV,"S4W,CB2",Green/Large,4
VSTB8CXZ,Laptop,Home Appliances,Product_Y43NR,430.3,53,1,19x19x18 cm,01-01-2023,01-01-2026,IKFF4N,"Z9C,XOM",Green/Large,5
A1DYWSGA,Laptop,Clothing,Product_V6E01,122.91,4,3,6x19x5 cm,01-01-2023,01-01-2024,2WTSSN,"T4P,7ZB",Red/Small,2
VEJVXBQ1,Monitor,Clothing,Product_DYQQ1,336.67,99,3,13x16x16 cm,30-07-2023,01-01-2024,62PF22,"MTT,Z8L",Green/Large,3
SAI0DFEE,Smartphone,Clothing,Product_I16A3,18.47,100,2,19x13x16 cm,01-01-2023,01-01-2026,EKP9E4,"8YP,SYP",Green/Large,1
3IKRGIHK,Smartphone,Clothing,Product_2DAZD,422.26,35,3,13x18x10 cm,15-03-2023,01-01-2024,NF47A1,"1AV,6CH",Green/Large,5
PP8O5LWA,Headphones,Home Appliances,Product_H9WEG,463.59,80,1,15x8x6 cm,01-01-2023,01-01-2025,X758ZX,"D7M,MY4",Blue/Medium,2
0ERXXK8W,Laptop,Clothing,Product_BYXG6,295.69,94,1,5x17x11 cm,01-01-2023,01-01-2026,48WDW4,"6PG,6I4",Green/Large,3
B021WQCN,Headphones,Clothing,Product_VUAUQ,484.4,93,1,12x18x7 cm,15-03-2023,01-01-2026,5GXNZR,"M7R,TU1",Red/Small,3
FBBL2S4D,Laptop,Clothing,Product_OADL0,173.36,3,2,20x8x20 cm,30-07-2023,01-01-2024,WX5MG4,"XIJ,2L9",Green/Large,3
AUCEIAEO,Laptop,Home Appliances,Product_M59WR,339.84,47,1,16x6x7 cm,30-07-2023,01-01-2024,WNZ3KP,"GMP,GE7",Red/Small,2
3X5IALTX,Monitor,Clothing,Product_PKKYC,12.72,44,2,12x18x7 cm,30-07-2023,01-01-2026,GYNBNH,"MOZ,MCR",Blue/Medium,1
UW6S2EMD,Smartphone,Electronics,Product_6Z756,152.37,85,2,5x17x8 cm,01-01-2023,01-01-2026,Q39JXR,"4TV,HQR",Green/Large,2
P1DSN1F3,Monitor,Clothing,Product_7CFX0,425.81,44,1,10x14x20 cm,30-07-2023,01-01-2024,17P0DF,"6H5,3NN",Red/Small,1
XP1G7FK2,Smartphone,Electronics,Product_7RNFF,179.46,24,1,8x20x8 cm,01-01-2023,01-01-2026,R5X4E0,"0J4,563",Red/Small,2
1954T4PZ,Monitor,Electronics,Product_EQI15,438.48,87,1,5x19x14 cm,15-03-2023,01-01-2024,ZUCPFY,"RMM,KNS",Blue/Medium,3
TWNQMAFE,Headphones,Home Appliances,Product_JPIU5,72.42,43,2,9x14x17 cm,30-07-2023,01-01-2025,0CJ7WU,"WZ0,L39",Blue/Medium,4
3DIG6YAQ,Headphones,Home Appliances,Product_O2HJS,175.56,58,1,20x18x9 cm,15-03-2023,01-01-2025,JPDI1F,"M2K,J20",Green/Large,1
0QDDGYRX,Laptop,Home Appliances,Product_7X15D,77.35,90,1,15x16x8 cm,15-03-2023,01-01-2025,9Y6VBD,"AW0,XAP",Green/Large,3
ZQMAL9MA,Monitor,Electronics,Product_9FHL5,308.53,75,2,15x17x9 cm,01-01-2023,01-01-2026,3QO6I7,"ZN4,8RA",Blue/Medium,2
0QERJ1H1,Monitor,Home Appliances,Product_B13L8,437.37,77,3,16x15x18 cm,15-03-2023,01-01-2025,SRF4E7,"6CA,ZZP",Green/Large,1
44U5Y6TM,Smartphone,Electronics,Product_7EC6R,190.59,97,3,12x14x6 cm,15-03-2023,01-01-2026,2RQ90P,"OSM,1SM",Red/Small,1
ZZKKWP62,Headphones,Clothing,Product_CC2SA,167.96,82,3,15x11x5 cm,30-07-2023,01-01-2024,DRWR98,"GGV,TU0",Blue/Medium,5
1SG2PA7E,Monitor,Home Appliances,Product_W5BHE,371.86,27,3,8x5x8 cm,15-03-2023,01-01-2025,52DGNY,"DYZ,7VH",Green/Large,1
VG4ZN86Y,Headphones,Home Appliances,Product_BK74S,449.07,35,2,7x16x14 cm,30-07-2023,01-01-2024,0BHUBG,"PEY,FCL",Red/Small,4
YSBH4J80,Monitor,Home Appliances,Product_8PCS5,415.05,31,3,13x18x7 cm,15-03-2023,01-01-2025,4R6B4M,"QRS,NA1",Red/Small,3
BJH9DHJ2,Monitor,Home Appliances,Product_7FOUK,357.02,49,1,11x7x5 cm,01-01-2023,01-01-2026,8IM3C0,"9PU,96B",Green/Large,5
V0WHWYEH,Headphones,Electronics,Product_BN2Y4,160.47,66,1,20x18x20 cm,15-03-2023,01-01-2024,3Y9NX5,"GWU,GUW",Red/Small,1
TEXXF7U9,Headphones,Home Appliances,Product_QZTAT,488.58,94,1,12x5x11 cm,30-07-2023,01-01-2025,ZSBZVJ,"D1J,B2H",Green/Large,4
MENO1QRM,Laptop,Clothing,Product_5T7R9,95.98,85,3,14x8x13 cm,01-01-2023,01-01-2025,I59FRL,"OXN,IOU",Red/Small,4
GTGXGBPZ,Headphones,Electronics,Product_4OK7T,300.27,7,1,14x5x15 cm,30-07-2023,01-01-2025,0XYFLI,"ZT9,RGD",Green/Large,2
D0SJG0OL,Smartphone,Clothing,Product_CUCNX,286.77,50,1,6x8x7 cm,15-03-2023,01-01-2024,3CJD2S,"DTG,RA1",Red/Small,4
16VR66X2,Laptop,Electronics,Product_60VAX,245.68,29,1,13x9x16 cm,01-01-2023,01-01-2024,MZL8H0,"2EV,7F8",Blue/Medium,5
KTKCQ8GB,Headphones,Electronics,Product_N9VL8,378.74,70,1,14x11x20 cm,15-03-2023,01-01-2026,99ZFA5,"XFU,WIP",Blue/Medium,1
AKXBD7R7,Monitor,Home Appliances,Product_0UYUP,320.46,69,2,8x13x19 cm,30-07-2023,01-01-2026,CQE8TF,"3FL,XPG",Red/Small,5
BAAZYZ8A,Smartphone,Home Appliances,Product_KSRIA,419.95,71,3,13x15x19 cm,01-01-2023,01-01-2026,ZYW8VY,"847,RQC",Blue/Medium,1
8D2OO0QB,Smartphone,Electronics,Product_YKTIZ,250,1,2,15x6x11 cm,01-01-2023,01-01-2025,PNDJOL,"T61,S60",Green/Large,5
EHNELOZ6,Headphones,Electronics,Product_974AQ,282.2,48,1,10x5x13 cm,15-03-2023,01-01-2025,D1DI9J,"C75,0CO",Blue/Medium,1
SIZEDAYY,Headphones,Clothing,Product_LKBUI,458.19,17,3,19x9x17 cm,01-01-2023,01-01-2026,8FTF59,"SS6,174",Blue/Medium,5
E0SRYYL0,Laptop,Electronics,Product_A39W0,275,5,1,12x18x9 cm,30-07-2023,01-01-2026,E5Z0KJ,"L40,KEP",Blue/Medium,2
U6NNWNWY,Monitor,Electronics,Product_YFRO6,245.8,95,1,10x12x6 cm,30-07-2023,01-01-2026,1JT2XP,"B0T,ISL",Blue/Medium,5
X15KM9M8,Laptop,Electronics,Product_X374K,417.49,53,3,11x8x16 cm,15-03-2023,01-01-2024,QFPGQN,"SNO,L1U",Green/Large,2
H35W31OG,Smartphone,Electronics,Product_PXLUF,261.61,98,2,10x14x10 cm,01-01-2023,01-01-2024,FF9SUP,"M19,2M3",Red/Small,4
ATA2ZZ7U,Monitor,Home Appliances,Product_RFWX2,398.94,54,3,5x9x19 cm,15-03-2023,01-01-2024,FUP3SI,"4NC,4GV",Green/Large,5
BR3X7ESG,Headphones,Electronics,Product_2G66V,376.04,36,2,17x19x18 cm,30-07-2023,01-01-2025,Y38Q0C,"3CR,32U",Green/Large,2
IGXKR6CR,Headphones,Electronics,Product_RWI0J,314.41,35,3,8x13x6 cm,15-03-2023,01-01-2026,7OPM0V,"71O,GFL",Red/Small,5
0RM48RYM,Headphones,Clothing,Product_CUZGR,392.93,87,2,5x12x13 cm,30-07-2023,01-01-2025,GDG1SU,"K67,GBE",Red/Small,4
5EW1DFS8,Monitor,Electronics,Product_9CZ41,372.25,79,1,7x17x12 cm,01-01-2023,01-01-2026,TMDGD9,"OXV,5XV",Red/Small,4
4NAYEJN4,Smartphone,Electronics,Product_NDC87,88.11,51,1,16x15x15 cm,15-03-2023,01-01-2025,HEIQCC,"XRQ,CGQ",Red/Small,2
RPRXCIIK,Monitor,Home Appliances,Product_U8G7B,220.61,24,1,8x8x9 cm,30-07-2023,01-01-2025,2HOY3X,"UTA,RY1",Blue/Medium,4
0LH2SHI0,Smartphone,Electronics,Product_HB7AD,120.46,52,3,17x5x11 cm,30-07-2023,01-01-2025,K0JZLG,"FG2,1F7",Red/Small,3
KVFXQA1W,Smartphone,Electronics,Product_1JYLD,223.2,19,1,18x17x12 cm,01-01-2023,01-01-2025,00V1E5,"2WV,QU7",Green/Large,4
L38ICZ8E,Laptop,Home Appliances,Product_2ZK0T,19.36,34,2,8x20x10 cm,30-07-2023,01-01-2024,7KIHA5,"JTO,69I",Red/Small,1
FC0442EZ,Headphones,Home Appliances,Product_QDY4I,427.57,72,1,6x17x14 cm,01-01-2023,01-01-2025,YLMZ8D,"9WS,OB4",Red/Small,5
XLTBFC8A,Laptop,Electronics,Product_DJTZW,155.87,9,1,17x12x5 cm,30-07-2023,01-01-2025,PW1Q7D,"I9R,NJH",Red/Small,3
P6I4L0TC,Headphones,Clothing,Product_0WBOU,178.41,85,3,10x17x15 cm,01-01-2023,01-01-2024,ORJSSO,"8NY,CMA",Blue/Medium,3
LMDVKH9K,Headphones,Clothing,Product_BL7O4,89.38,1,3,18x13x16 cm,15-03-2023,01-01-2026,FECG3T,"9RE,KJ7",Green/Large,1
R8JX01X8,Smartphone,Clothing,Product_H29UR,99.64,7,1,18x8x11 cm,01-01-2023,01-01-2024,T5OY4J,"8X3,3NE",Blue/Medium,2
3HA60943,Headphones,Electronics,Product_NSHWC,290.83,87,2,20x19x8 cm,01-01-2023,01-01-2025,ORXUM7,"2EP,S4G",Red/Small,1
I7T5N1I6,Monitor,Electronics,Product_ZJGGL,69.91,57,2,10x14x6 cm,15-03-2023,01-01-2025,NK2WGD,"CVF,IJZ",Blue/Medium,1
LHPAYEOI,Monitor,Home Appliances,Product_60OV6,444.84,17,1,8x19x9 cm,15-03-2023,01-01-2026,5RC2GR,"KPI,3DN",Green/Large,2
UCJDNIE2,Smartphone,Home Appliances,Product_TBQQX,83.99,78,3,14x10x8 cm,01-01-2023,01-01-2026,YQFBI3,"NM6,9PU",Red/Small,2
C4QGTPXT,Monitor,Clothing,Product_PRKLM,412.72,67,1,12x15x12 cm,15-03-2023,01-01-2025,FTUCPW,"ZKV,RDA",Red/Small,2
9EMXOG2E,Monitor,Clothing,Product_IF0JN,220.58,76,1,9x7x16 cm,30-07-2023,01-01-2025,WSTL3W,"LBZ,2P9",Blue/Medium,5
P1Z1318E,Smartphone,Home Appliances,Product_C9TNM,467.43,26,2,13x8x20 cm,01-01-2023,01-01-2026,93T0RN,"519,JYO",Green/Large,1
TXAOEZIA,Headphones,Electronics,Product_I2V23,182.44,3,2,6x12x11 cm,15-03-2023,01-01-2025,N4SEMS,"ADF,Q2O",Green/Large,4
15CI17T4,Smartphone,Home Appliances,Product_J30S1,156.31,59,1,11x20x19 cm,30-07-2023,01-01-2026,ERS6VW,"ISU,32X",Red/Small,2
AZQS1KSF,Smartphone,Home Appliances,Product_NUD2O,184.57,11,1,12x10x9 cm,01-01-2023,01-01-2026,EH21SP,"HZH,V2H",Green/Large,4
KIXUOGQ3,Headphones,Home Appliances,Product_QSDZ5,211.9,50,3,10x16x14 cm,01-01-2023,01-01-2025,8AXWJ7,"GR4,PYZ",Blue/Medium,1
0WYELZG7,Headphones,Clothing,Product_JUW1O,351.16,24,1,15x9x9 cm,15-03-2023,01-01-2026,A5GOVJ,"LTY,KW7",Blue/Medium,1
ANM4GO51,Smartphone,Electronics,Product_MH687,225.22,77,3,12x12x13 cm,15-03-2023,01-01-2025,YY8WV1,"92U,Y27",Green/Large,1
XD14SGU9,Monitor,Home Appliances,Product_OLF40,230.46,28,3,15x7x9 cm,15-03-2023,01-01-2025,2SBCDU,"5YX,429",Red/Small,5
009PBHZ6,Monitor,Clothing,Product_X5GT4,70.47,62,2,6x7x16 cm,15-03-2023,01-01-2024,WZW3SG,"61Z,IC1",Red/Small,4
FOG3PKNH,Smartphone,Clothing,Product_Y43LM,378.3,31,3,7x14x13 cm,30-07-2023,01-01-2025,AO2XEW,"786,TQG",Blue/Medium,3
PR262QV6,Smartphone,Electronics,Product_D296Z,22.8,94,1,5x17x12 cm,15-03-2023,01-01-2025,74WF7Y,"2SQ,VNP",Blue/Medium,1
R883QG6N,Smartphone,Clothing,Product_J78NP,295.83,93,1,14x20x13 cm,30-07-2023,01-01-2025,3D13EW,"JBZ,VQU",Red/Small,4
WR3NO9XC,Laptop,Home Appliances,Product_HK92G,44.15,20,1,19x7x9 cm,30-07-2023,01-01-2026,G5QSNV,"49B,FJ2",Red/Small,3
Z94KWRAP,Laptop,Home Appliances,Product_3NAI4,243.68,18,3,20x9x15 cm,15-03-2023,01-01-2025,NWRO4I,"J3M,HST",Red/Small,2
LP4DW3LU,Smartphone,Electronics,Product_8FQJ8,436.49,11,3,13x6x10 cm,01-01-2023,01-01-2024,Q2ADJV,"QSW,6HJ",Green/Large,5
YOHU4IDR,Laptop,Home Appliances,Product_GJ02W,87.19,81,1,8x11x5 cm,15-03-2023,01-01-2026,119T2K,"GB6,P51",Green/Large,4
EAJY8F4Q,Laptop,Electronics,Product_XRXX1,284.47,6,3,7x16x10 cm,01-01-2023,01-01-2025,9BO855,"0CG,1G5",Green/Large,1
33N62RP7,Laptop,Clothing,Product_MTHEE,180.28,78,1,18x9x8 cm,30-07-2023,01-01-2024,Q3JKS9,"V1G,3T2",Blue/Medium,3
7ARXC3D5,Laptop,Clothing,Product_5VYKW,27.8,28,2,17x13x18 cm,30-07-2023,01-01-2026,0X3ZZT,"CHT,9Q1",Blue/Medium,1
EVTKRSPJ,Headphones,Electronics,Product_B3TPH,119.96,24,3,14x16x8 cm,30-07-2023,01-01-2025,S7X9WH,"QHY,TGP",Red/Small,5
BTSC30C9,Smartphone,Clothing,Product_Y6HOV,309.15,48,1,8x13x17 cm,15-03-2023,01-01-2024,V9KFL7,"BBZ,581",Green/Large,4
YTYKHVDF,Headphones,Electronics,Product_XVDIF,338.47,54,2,18x8x10 cm,01-01-2023,01-01-2026,2N4E5W,"S6P,EA7",Green/Large,2
FW91JPJ0,Laptop,Electronics,Product_CMKU5,188.08,73,2,19x6x10 cm,15-03-2023,01-01-2026,VJZJY9,"8KX,YET",Red/Small,3
SFSH3L1X,Smartphone,Home Appliances,Product_L9L51,305.82,48,2,6x18x19 cm,30-07-2023,01-01-2026,J2EHA9,"RFQ,Y8G",Red/Small,4
2KC896R8,Headphones,Home Appliances,Product_V4W3L,169.26,20,1,19x8x15 cm,30-07-2023,01-01-2025,S9S6C6,"RZI,NKX",Green/Large,2
QV6G2KEZ,Smartphone,Clothing,Product_B7A9S,412.78,52,1,16x14x15 cm,30-07-2023,01-01-2025,G5RL17,"Q0A,PTE",Green/Large,5
2SYGYI9A,Laptop,Clothing,Product_8THLD,31.24,4,2,12x14x5 cm,30-07-2023,01-01-2024,8E5B2X,"9FV,0WH",Red/Small,2
04LS0VT9,Laptop,Electronics,Product_UY3NI,22.26,28,2,16x16x12 cm,30-07-2023,01-01-2025,JKB501,"YGL,8ZE",Green/Large,2
A30KRZ8V,Monitor,Electronics,Product_MYPWQ,461.95,49,1,9x14x12 cm,30-07-2023,01-01-2024,QC3CUQ,"7FZ,26R",Red/Small,1
OZSHDJSO,Headphones,Clothing,Product_NM16B,325.08,86,2,20x15x15 cm,15-03-2023,01-01-2024,QF9XVI,"PT3,L0K",Green/Large,4
RUDH86VV,Smartphone,Electronics,Product_PJ65H,102.26,31,3,15x10x8 cm,01-01-2023,01-01-2026,N4BCS4,"M1Z,Q19",Blue/Medium,5
ZGC0VZKC,Smartphone,Home Appliances,Product_Q6ORM,477.78,73,3,14x6x16 cm,30-07-2023,01-01-2025,6PYVK3,"AV4,EQX",Green/Large,1
HNAYFS0D,Monitor,Clothing,Product_OL5E2,87.94,73,1,6x19x9 cm,01-01-2023,01-01-2026,IWWZD8,"G1V,80U",Red/Small,4
T3U490WW,Smartphone,Clothing,Product_1MHNU,452.7,13,2,19x14x20 cm,01-01-2023,01-01-2026,E411TX,"C8U,OEK",Blue/Medium,2
PS77NOJ4,Headphones,Clothing,Product_KFNU8,90.26,3,3,16x8x15 cm,30-07-2023,01-01-2026,U8471J,"LRI,S9B",Green/Large,4
J9R3NXQI,Headphones,Home Appliances,Product_IKAYE,180.27,99,2,19x14x6 cm,01-01-2023,01-01-2024,VCW5HT,"BLN,8MV",Red/Small,2
DCRTLZHR,Headphones,Electronics,Product_MAG35,154.22,46,2,19x19x5 cm,15-03-2023,01-01-2024,AV62O6,"AB5,AWK",Red/Small,1
9EOMFVG9,Headphones,Home Appliances,Product_92W06,80.09,26,2,6x12x11 cm,30-07-2023,01-01-2025,F4EKE4,"RL3,IQT",Blue/Medium,3
R8N5C4VZ,Headphones,Electronics,Product_J8D6Q,475.94,52,2,5x19x12 cm,01-01-2023,01-01-2025,ZMGO0G,"ZTN,YFN",Red/Small,5
V6C71WJI,Smartphone,Electronics,Product_NMU71,227.15,16,3,9x11x15 cm,01-01-2023,01-01-2024,HIVILM,"GP3,FPZ",Blue/Medium,4
QNGD8WG9,Monitor,Electronics,Product_J979K,141.07,56,2,17x11x17 cm,15-03-2023,01-01-2025,SO4SRH,"ZVK,IKX",Blue/Medium,3
WDMLKX0E,Laptop,Home Appliances,Product_UJ1TJ,75.6,46,1,7x9x16 cm,01-01-2023,01-01-2024,9J95QT,"QGF,A33",Red/Small,3
XAMV8R1B,Monitor,Electronics,Product_ILIAY,472.54,44,2,7x8x18 cm,01-01-2023,01-01-2025,RR90CB,"MDZ,SS3",Red/Small,1
ZPK2XX0D,Monitor,Home Appliances,Product_N35O6,259.07,19,3,13x13x13 cm,15-03-2023,01-01-2025,7MWL5M,"1IG,9SY",Red/Small,5
9HB76XI4,Monitor,Home Appliances,Product_L1A5O,423.46,98,1,14x13x10 cm,15-03-2023,01-01-2025,4YOSVK,"IZS,RG5",Blue/Medium,3
XO58B963,Smartphone,Home Appliances,Product_H94RV,423.5,20,2,19x6x20 cm,30-07-2023,01-01-2026,P7UKWY,"QDH,JCZ",Green/Large,5
6AEXV0T9,Monitor,Clothing,Product_6V0CY,83.99,10,3,8x12x13 cm,01-01-2023,01-01-2025,LA9NK1,"835,91D",Blue/Medium,3
COVD1IK3,Headphones,Home Appliances,Product_YY9XB,351.94,87,3,9x5x9 cm,15-03-2023,01-01-2025,FHO5ZE,"YSL,L5Q",Blue/Medium,4
LQ2I1K2Z,Monitor,Electronics,Product_G5NC3,363.88,16,2,7x10x20 cm,01-01-2023,01-01-2025,4D6CYH,"4ZE,P3D",Red/Small,1
T41UBNGH,Laptop,Electronics,Product_V3EJS,129.26,61,3,13x19x15 cm,15-03-2023,01-01-2025,C366OW,"V60,8X6",Blue/Medium,2
2VTITPAR,Smartphone,Home Appliances,Product_9O9X3,271.74,37,1,8x13x18 cm,30-07-2023,01-01-2024,K9NHWG,"337,1KT",Blue/Medium,4
N3U1G10B,Smartphone,Electronics,Product_HOPS1,191.06,42,3,5x11x5 cm,30-07-2023,01-01-2024,ENZQER,"KS5,02W",Blue/Medium,1
ZYAKQUG8,Laptop,Clothing,Product_E33Z1,73.53,66,1,6x5x10 cm,15-03-2023,01-01-2024,PSXL2F,"CGX,M8T",Green/Large,4
WSM0CNN1,Smartphone,Home Appliances,Product_1IHIE,357.1,98,1,17x17x10 cm,30-07-2023,01-01-2025,YCO3TN,"YP2,P0Q",Blue/Medium,5
1J1SFYGY,Laptop,Home Appliances,Product_7RH99,280.12,10,1,6x9x18 cm,30-07-2023,01-01-2026,YWJ8SA,"YL5,JRN",Red/Small,1
GA3CCU4K,Headphones,Clothing,Product_A20JS,129.88,37,1,7x18x19 cm,30-07-2023,01-01-2025,SE10CY,"911,W2W",Green/Large,2
L074YKC3,Laptop,Clothing,Product_I8ZOI,370.8,20,3,15x7x19 cm,15-03-2023,01-01-2025,R35X5H,"0LM,ZKA",Red/Small,2
BUC9KPJ6,Smartphone,Home Appliances,Product_40G7N,116.23,5,1,15x9x18 cm,15-03-2023,01-01-2024,A0E6WR,"6W6,W61",Blue/Medium,5
OUE3NHO2,Smartphone,Electronics,Product_O3LA2,377.5,83,3,11x13x9 cm,15-03-2023,01-01-2026,7ZJ9ZN,"66A,793",Red/Small,2
69SM0UBJ,Laptop,Electronics,Product_MSQNA,108.94,35,1,18x5x8 cm,15-03-2023,01-01-2026,A6S2B0,"P07,K4J",Green/Large,3
ZR9RA612,Headphones,Clothing,Product_U2OC8,93.23,49,1,18x20x19 cm,30-07-2023,01-01-2025,A7O3Y5,"RV4,24J",Blue/Medium,5
G1O7QKJC,Headphones,Clothing,Product_S4LBF,200.63,33,2,15x12x18 cm,01-01-2023,01-01-2026,9CX1FM,"XV1,84T",Red/Small,5
PQBCATKZ,Monitor,Electronics,Product_80AMG,457.64,74,3,5x11x5 cm,15-03-2023,01-01-2025,0PA34X,"WJ8,YS6",Green/Large,2
EKMBVDMY,Smartphone,Electronics,Product_DQ13E,420.86,19,2,19x13x16 cm,30-07-2023,01-01-2025,P5F8FO,"ARI,YWD",Blue/Medium,2
78XDZ1LJ,Laptop,Clothing,Product_8W2VP,96.08,81,2,13x20x15 cm,01-01-2023,01-01-2025,61FRLQ,"8WQ,KMM",Blue/Medium,5
5GRONW6G,Laptop,Home Appliances,Product_AB2PC,113.3,68,3,5x11x6 cm,15-03-2023,01-01-2025,USZ1U2,"JDR,KRS",Green/Large,1
CCKZG20J,Smartphone,Home Appliances,Product_0Y5SL,291.61,78,1,10x5x15 cm,01-01-2023,01-01-2025,OI33SU,"HZA,UX9",Red/Small,2
IU402ZUN,Smartphone,Home Appliances,Product_K2FZC,379.42,56,1,17x9x15 cm,15-03-2023,01-01-2024,QU3Z6F,"3XH,ZFR",Red/Small,3
WBM07Z7Y,Monitor,Electronics,Product_TYD4O,459.23,96,1,20x15x8 cm,15-03-2023,01-01-2026,RMFHDN,"YOT,M63",Blue/Medium,5
R1BY8YCP,Monitor,Clothing,Product_YA5Z4,185.55,42,1,6x13x8 cm,01-01-2023,01-01-2026,HYBB41,"I59,UW2",Green/Large,2
B7Q37ALC,Laptop,Clothing,Product_VS5SM,431.82,42,3,15x11x12 cm,30-07-2023,01-01-2024,SEGSX8,"83W,PVQ",Red/Small,1
Q3MAZEVM,Smartphone,Home Appliances,Product_I8QDN,38.26,5,1,16x8x18 cm,01-01-2023,01-01-2026,3URRCR,"HGG,YR3",Red/Small,2
NVN6L1OB,Smartphone,Electronics,Product_5QID9,204.06,71,2,7x9x12 cm,01-01-2023,01-01-2026,OA8IA6,"9RQ,2WB",Blue/Medium,5
25G73BKH,Smartphone,Clothing,Product_O224O,148.73,34,1,17x13x7 cm,01-01-2023,01-01-2024,ZUCMF5,"HJW,681",Blue/Medium,2
W6YR10L3,Laptop,Electronics,Product_4Y6OP,348.94,24,1,11x5x15 cm,30-07-2023,01-01-2026,21K02M,"DMR,NF8",Green/Large,2
SLMQG4M3,Monitor,Clothing,Product_KZGIJ,373.33,88,1,5x10x17 cm,15-03-2023,01-01-2024,BZVDYP,"A23,OHP",Green/Large,5
SNH956PI,Headphones,Clothing,Product_9JSSX,490.69,35,3,5x14x5 cm,01-01-2023,01-01-2025,JE8EGW,"UL1,8U3",Blue/Medium,5
EEG8J9ZQ,Headphones,Clothing,Product_ODUHS,28.1,92,2,7x11x16 cm,01-01-2023,01-01-2025,DWD7LC,"DQX,AFF",Blue/Medium,2
0SB8OV1O,Monitor,Electronics,Product_EODS2,388.67,39,1,17x10x17 cm,30-07-2023,01-01-2025,GC1A1J,"OVK,JZ9",Blue/Medium,1
F4QEAPU8,Headphones,Clothing,Product_LJ4EL,25.98,100,2,20x6x11 cm,01-01-2023,01-01-2025,J4C4M7,"IT1,VOA",Red/Small,4
97R4IC9T,Monitor,Clothing,Product_JF40M,478.48,18,3,19x6x13 cm,15-03-2023,01-01-2026,OL5LOK,"5DU,HJX",Red/Small,4
M4EU2D6Y,Laptop,Electronics,Product_WIML9,388.7,6,2,7x6x6 cm,15-03-2023,01-01-2024,TIEDK3,"2WF,41P",Green/Large,2
VIV5JXE5,Monitor,Electronics,Product_CLEPO,246.37,26,3,5x7x16 cm,30-07-2023,01-01-2024,PR94EI,"04Q,75X",Red/Small,1
4IHPL56J,Monitor,Electronics,Product_ZUQAR,214.18,5,1,6x16x18 cm,01-01-2023,01-01-2025,GRUUWF,"PN9,86V",Blue/Medium,1
V9LY45R4,Headphones,Electronics,Product_1RK82,342.29,52,2,18x16x6 cm,01-01-2023,01-01-2025,TCFDUX,"S42,FDA",Green/Large,4
IN0JX1OJ,Monitor,Clothing,Product_EQ0UH,431.56,43,3,5x17x11 cm,30-07-2023,01-01-2025,NUOD19,"FIS,UPC",Green/Large,3
W9J8QQUN,Monitor,Home Appliances,Product_8ZLC4,165.28,4,1,12x20x12 cm,15-03-2023,01-01-2025,TMOGZ1,"DB5,TUN",Blue/Medium,5
SLVK7X6P,Headphones,Clothing,Product_Y00GZ,208.19,85,3,16x14x17 cm,15-03-2023,01-01-2024,M20FGT,"WQP,1SR",Red/Small,1
5DC24W8V,Smartphone,Clothing,Product_RGYTQ,271.81,47,3,5x10x15 cm,01-01-2023,01-01-2025,3IYNEK,"MV1,V5C",Blue/Medium,4
AV61DDPX,Monitor,Home Appliances,Product_09VY5,287.79,5,2,9x11x19 cm,30-07-2023,01-01-2025,HG9XQM,"V7Y,KPZ",Blue/Medium,1
XW3H119S,Smartphone,Home Appliances,Product_ITRU5,236.06,39,3,18x10x7 cm,01-01-2023,01-01-2025,X1ZAMY,"PZ8,5EO",Blue/Medium,2
C8CEVE9O,Smartphone,Home Appliances,Product_U32ME,454.79,33,1,13x16x19 cm,15-03-2023,01-01-2025,J532EX,"7TY,S8D",Red/Small,1
F6R8Z2Z9,Laptop,Home Appliances,Product_Q8BIM,40.89,16,3,17x16x20 cm,01-01-2023,01-01-2024,9KJIYY,"XEP,JEQ",Green/Large,3
VCM74DZ8,Monitor,Home Appliances,Product_F7ROQ,393.4,82,3,14x15x10 cm,01-01-2023,01-01-2026,ZRE42O,"XGA,OLU",Red/Small,3
42NKPZT8,Headphones,Electronics,Product_DULLU,245.09,66,1,17x19x19 cm,15-03-2023,01-01-2024,JXS7E2,"VDB,I0E",Red/Small,2
O48ZESQA,Laptop,Electronics,Product_CW4YL,213.16,61,2,19x20x5 cm,15-03-2023,01-01-2026,P2DIOF,"WSH,8CP",Blue/Medium,3
0Y12EWTA,Monitor,Electronics,Product_F5OMQ,189.97,8,3,10x18x12 cm,01-01-2023,01-01-2025,PGY619,"9QX,IG8",Red/Small,4
UWXFDNEY,Smartphone,Home Appliances,Product_3SEM7,364.05,61,3,17x20x18 cm,01-01-2023,01-01-2026,Q9YZ2I,"GJ2,4D6",Blue/Medium,1
DPYODCOR,Smartphone,Home Appliances,Product_X4YUM,204.76,87,3,8x15x6 cm,30-07-2023,01-01-2024,0QNA2X,"7J3,UTQ",Green/Large,4
0CYL08N8,Monitor,Clothing,Product_1GR9X,471.21,24,3,6x7x10 cm,01-01-2023,01-01-2024,WQ7BPI,"EWU,23X",Red/Small,4
J9Q7XTIR,Smartphone,Clothing,Product_71CXN,361.14,71,3,5x12x18 cm,15-03-2023,01-01-2025,AB3YDV,"O9Y,5BA",Blue/Medium,5
5N9FUL1K,Headphones,Home Appliances,Product_RSQAI,258.61,23,1,15x10x10 cm,01-01-2023,01-01-2026,VLABS0,"PMC,ASD",Green/Large,3
PNQS02BA,Smartphone,Electronics,Product_90B1Y,118.06,92,2,13x7x6 cm,01-01-2023,01-01-2024,QRLDNV,"MLU,5KJ",Green/Large,1
RXV7KT9Z,Headphones,Electronics,Product_2RZGW,140.64,3,2,9x11x19 cm,01-01-2023,01-01-2025,8VB38G,"T22,UKC",Red/Small,1
BTV9QARE,Smartphone,Home Appliances,Product_VMP73,254.12,68,1,12x17x6 cm,30-07-2023,01-01-2025,QMP8KG,"LLS,JU5",Red/Small,1
VJUQ3XSS,Monitor,Electronics,Product_QY0LI,98.54,57,3,17x19x17 cm,15-03-2023,01-01-2026,FA2HKH,"MQG,TPA",Blue/Medium,2
XKNT74O7,Laptop,Home Appliances,Product_D12TK,472.02,27,3,16x12x13 cm,01-01-2023,01-01-2025,NLE3DF,"TXQ,LOO",Blue/Medium,5
VSJPGDHW,Monitor,Clothing,Product_BHL5H,489.28,5,1,7x16x17 cm,01-01-2023,01-01-2026,KCP5LR,"D2O,RB4",Green/Large,1
5SXYV0ZZ,Monitor,Clothing,Product_BKCHH,200.6,22,3,20x8x9 cm,30-07-2023,01-01-2024,WZRTJO,"0TB,WZP",Green/Large,3
OECW1G3X,Headphones,Clothing,Product_W1XA5,111.26,65,1,13x20x19 cm,30-07-2023,01-01-2026,M62BY3,"I16,2DG",Blue/Medium,4
B6DCZU20,Smartphone,Electronics,Product_HKS3M,398.27,13,3,11x12x14 cm,01-01-2023,01-01-2025,S0QL9P,"3IE,STD",Red/Small,3
CD46ACI1,Monitor,Electronics,Product_RM67X,15.04,97,3,8x6x7 cm,15-03-2023,01-01-2025,3FPO29,"CIT,70Y",Red/Small,3
RJ55OFQI,Smartphone,Electronics,Product_5IR8F,161.23,59,3,18x6x8 cm,15-03-2023,01-01-2026,Q13Y0K,"GRZ,0DK",Green/Large,2
RCV6J70P,Monitor,Home Appliances,Product_AVFK1,200.77,85,1,12x16x7 cm,15-03-2023,01-01-2026,CMO30Z,"CSK,BYU",Blue/Medium,5
BXXIC3QA,Headphones,Clothing,Product_1ZOL2,348.74,88,1,5x14x14 cm,01-01-2023,01-01-2024,PU5YPQ,"8LJ,CVE",Green/Large,3
78L38ETB,Headphones,Electronics,Product_82FS2,124.94,59,2,13x8x9 cm,30-07-2023,01-01-2025,AFGLWF,"6QP,GEG",Green/Large,3
A7W4I97L,Headphones,Clothing,Product_AMAQT,430.4,55,1,11x10x19 cm,01-01-2023,01-01-2025,IC9DMQ,"0CP,3PC",Blue/Medium,3
EKRMMPII,Smartphone,Clothing,Product_UZCP1,455.57,12,1,15x14x17 cm,15-03-2023,01-01-2026,PQRHIM,"1KT,XD1",Blue/Medium,3
26M2YHQ1,Smartphone,Clothing,Product_26F2G,430.03,11,1,20x17x10 cm,01-01-2023,01-01-2024,5LH602,"8EO,AAK",Blue/Medium,2
STBBK47V,Laptop,Home Appliances,Product_D6HZG,103.12,42,2,10x16x6 cm,15-03-2023,01-01-2024,NG7BPX,"OVM,JAE",Blue/Medium,3
V7H21XVJ,Smartphone,Electronics,Product_X4F1X,139.97,90,3,10x6x6 cm,01-01-2023,01-01-2025,4Y66B5,"4OJ,1B0",Blue/Medium,3
6HWQCP2C,Monitor,Home Appliances,Product_MMVFF,172.59,1,1,6x11x9 cm,01-01-2023,01-01-2025,J3Y7EU,"8NN,3TD",Green/Large,4
NHXQAVIE,Monitor,Clothing,Product_YSY6U,440.51,56,2,16x6x10 cm,15-03-2023,01-01-2025,6HVRTW,"3CK,ICY",Green/Large,5
KENOPIRH,Smartphone,Clothing,Product_LOYVL,359.5,100,1,11x10x11 cm,30-07-2023,01-01-2025,PLWZ1X,"6HD,7ZZ",Green/Large,2
OWWDF7UP,Headphones,Home Appliances,Product_QMTQC,143.75,19,2,17x14x17 cm,15-03-2023,01-01-2025,60C3SI,"OQV,E4H",Green/Large,4
FBUKGYVX,Smartphone,Home Appliances,Product_ACYWI,156.27,5,2,6x10x7 cm,30-07-2023,01-01-2026,EQN4KI,"MZX,HTZ",Red/Small,5
MSRSWNJR,Monitor,Clothing,Product_07OGM,159.57,21,1,19x13x6 cm,15-03-2023,01-01-2026,06ONRS,"UID,30O",Blue/Medium,2
TWWMYCWI,Monitor,Electronics,Product_5SK22,303.23,93,3,19x9x15 cm,30-07-2023,01-01-2026,ZLNDXB,"H2Z,5SL",Green/Large,2
1BVZNJIS,Monitor,Clothing,Product_CS2D3,446.92,23,2,7x10x10 cm,15-03-2023,01-01-2025,E9MFN6,"020,F9K",Blue/Medium,3
21MFOPC1,Monitor,Clothing,Product_OBNFM,312.17,13,1,17x19x10 cm,15-03-2023,01-01-2025,8NQPQ3,"2GM,1UL",Green/Large,4
DC2QH5D7,Monitor,Home Appliances,Product_M552H,398.4,46,1,10x7x20 cm,30-07-2023,01-01-2026,ZO146N,"PCB,3HD",Green/Large,5
DWUYZ57A,Headphones,Electronics,Product_USP45,467.79,31,3,11x12x16 cm,01-01-2023,01-01-2025,LXZ7XV,"RWW,EVD",Blue/Medium,5
QTADUSWS,Monitor,Clothing,Product_06GQI,289.67,83,2,15x5x14 cm,30-07-2023,01-01-2025,2T3W6M,"LU4,DD5",Blue/Medium,2
HLHAF17L,Laptop,Home Appliances,Product_ZSHCG,320.77,53,3,12x15x10 cm,01-01-2023,01-01-2026,D82DLP,"VOV,5ZF",Blue/Medium,2
RGSTS6HU,Headphones,Clothing,Product_REEFR,471.54,54,3,18x8x17 cm,15-03-2023,01-01-2026,SLVMUG,"11X,CY3",Red/Small,3
1I72EDFM,Smartphone,Clothing,Product_1YWFM,12.05,32,3,7x20x10 cm,30-07-2023,01-01-2024,CJ34UC,"VUN,MT3",Blue/Medium,3
AFZLBJZ3,Headphones,Electronics,Product_UNHNR,469.77,9,1,11x10x10 cm,01-01-2023,01-01-2026,YJEXTW,"IJ3,OOB",Blue/Medium,1
33L3ZE2P,Monitor,Clothing,Product_MKSE2,49.38,55,3,7x13x11 cm,01-01-2023,01-01-2025,Z54A46,"YDF,4DC",Green/Large,5
IV2AIT7K,Smartphone,Electronics,Product_36HED,228.25,34,2,20x18x8 cm,01-01-2023,01-01-2025,7Q2Q73,"FSJ,UWW",Red/Small,1
IUQFBG6U,Headphones,Clothing,Product_QNBUL,165.66,69,2,15x8x13 cm,01-01-2023,01-01-2026,JMMIL0,"XU7,2BF",Red/Small,3
T5L4BFOE,Headphones,Home Appliances,Product_YXPQI,298.26,85,2,10x19x18 cm,30-07-2023,01-01-2024,5WDP4B,"KGZ,ZDQ",Green/Large,5
O0CXBVKC,Laptop,Electronics,Product_D6P7Q,124.5,86,2,11x6x15 cm,30-07-2023,01-01-2024,93G47P,"73Y,8FD",Green/Large,1
G7FLS30O,Laptop,Home Appliances,Product_E8NJ1,47.85,71,2,17x7x5 cm,01-01-2023,01-01-2026,F1SYU7,"2RU,MZZ",Blue/Medium,3
WZ3Y78WJ,Laptop,Electronics,Product_OFCGV,125.96,34,3,19x10x14 cm,01-01-2023,01-01-2025,J2E486,"JDG,F2I",Blue/Medium,5
BVM98AH2,Smartphone,Home Appliances,Product_EV450,141.86,84,2,16x18x13 cm,15-03-2023,01-01-2025,PHQ31V,"AOA,W23",Green/Large,3
CXHY0DSX,Laptop,Clothing,Product_LX96Q,156.77,86,1,16x18x5 cm,30-07-2023,01-01-2026,MTBEAD,"E2I,VE8",Blue/Medium,4
3LF1B8MZ,Monitor,Home Appliances,Product_S8IN5,367.41,70,3,7x18x18 cm,15-03-2023,01-01-2025,NN0HEA,"O2B,YSR",Green/Large,4
NZOX651Y,Headphones,Clothing,Product_MY57E,243.05,1,3,9x19x5 cm,15-03-2023,01-01-2026,TZAQID,"1P2,0KH",Blue/Medium,3
4FGCF180,Monitor,Electronics,Product_GBXCU,375.22,32,1,18x10x20 cm,01-01-2023,01-01-2026,5IBE7F,"PI7,CBD",Red/Small,3
L71KB25G,Monitor,Electronics,Product_5F4AM,174.45,65,3,5x17x12 cm,15-03-2023,01-01-2026,RB60MV,"3KY,C1E",Green/Large,5
LJUICWQ1,Smartphone,Clothing,Product_8VTN6,351.56,95,3,17x9x14 cm,30-07-2023,01-01-2025,7F6U8Y,"ALZ,B9S",Blue/Medium,2
PPKKL71P,Headphones,Electronics,Product_QCOYU,164.51,99,2,8x8x17 cm,30-07-2023,01-01-2024,9BOODM,"FWY,CHR",Blue/Medium,3
X4JKRO8U,Monitor,Electronics,Product_0CD7T,31.56,29,2,6x8x8 cm,15-03-2023,01-01-2025,N0XB0Y,"F6E,DBC",Blue/Medium,3
GGF0UDOI,Headphones,Electronics,Product_8TQM2,269,49,1,19x10x10 cm,01-01-2023,01-01-2025,WFHGMZ,"W24,JWJ",Green/Large,2
L9YOXIB4,Monitor,Clothing,Product_T3TVZ,326.1,75,3,20x5x12 cm,01-01-2023,01-01-2026,YNDFNS,"7TN,WEQ",Red/Small,1
UQBRVRAF,Headphones,Clothing,Product_TSUJF,177.05,41,1,12x20x10 cm,15-03-2023,01-01-2024,HX57GL,"Z78,SPH",Red/Small,2
12YLD3MV,Smartphone,Clothing,Product_ND2Z2,241.96,3,2,7x20x19 cm,30-07-2023,01-01-2026,77V98Q,"JXT,0PB",Red/Small,2
R8K5LPWU,Laptop,Electronics,Product_33LGM,53.97,55,1,19x6x19 cm,01-01-2023,01-01-2026,O8OTYI,"SNW,UEF",Green/Large,1
5GTBHPQE,Headphones,Electronics,Product_XI0BO,289.05,13,1,13x7x5 cm,15-03-2023,01-01-2026,QMOYMX,"ICJ,4HN",Blue/Medium,5
VD7JLQJY,Smartphone,Electronics,Product_BDKWW,325.94,86,1,11x14x16 cm,30-07-2023,01-01-2026,8AFD67,"KTQ,7CV",Blue/Medium,2
IOIY4N12,Laptop,Home Appliances,Product_FKBFS,478.13,69,1,7x9x16 cm,01-01-2023,01-01-2026,W6V06Y,"V9O,DXQ",Green/Large,1
CPRPI0BY,Headphones,Home Appliances,Product_0X3D6,124.47,35,1,13x8x20 cm,15-03-2023,01-01-2024,YXJNS5,"33M,U68",Red/Small,5
J9GET6LZ,Monitor,Electronics,Product_VDNOW,89.19,78,3,6x11x20 cm,30-07-2023,01-01-2025,HOG58L,"Q3A,MQJ",Red/Small,3
C6KQSC3H,Monitor,Clothing,Product_VRET9,479.52,96,2,14x10x7 cm,01-01-2023,01-01-2024,CUU25Z,"4HV,0HD",Green/Large,5
JWCEE6WB,Headphones,Clothing,Product_LTGQX,423.42,77,3,9x20x11 cm,01-01-2023,01-01-2024,RTDPBF,"YH9,IED",Blue/Medium,3
H90K5WH5,Headphones,Electronics,Product_9FU9B,173.01,81,2,17x15x14 cm,01-01-2023,01-01-2025,OOWER6,"A69,HBJ",Blue/Medium,1
O9NAUF5C,Laptop,Clothing,Product_9POI0,439.56,91,2,14x10x8 cm,30-07-2023,01-01-2026,ZNIH3C,"GY3,QNT",Blue/Medium,3
3RUOQN7O,Smartphone,Clothing,Product_6AN3W,461.59,98,2,7x20x6 cm,15-03-2023,01-01-2024,HJ5S2N,"CBF,JB7",Blue/Medium,3
D3G2VVUI,Laptop,Electronics,Product_FLCI4,482.2,10,3,6x7x17 cm,15-03-2023,01-01-2026,U8V91E,"4RU,UET",Red/Small,4
KRZUZOGT,Headphones,Clothing,Product_HICUM,423.1,89,1,19x17x20 cm,30-07-2023,01-01-2025,H30QUU,"7ZM,95L",Green/Large,4
0GJL6KN6,Headphones,Electronics,Product_RRFYT,323.52,21,2,7x16x6 cm,15-03-2023,01-01-2026,C2JE82,"N55,ESH",Red/Small,4
6HUG0SKB,Laptop,Home Appliances,Product_QM13O,401.24,70,1,15x15x16 cm,01-01-2023,01-01-2026,H2ZEZL,"S9F,WJ0",Red/Small,1
M27Z8RUZ,Headphones,Home Appliances,Product_9T7T3,328.19,33,1,8x6x5 cm,30-07-2023,01-01-2026,FSMWHZ,"50B,GPE",Blue/Medium,3
TQMAHTNG,Headphones,Clothing,Product_0VVQL,20.09,38,1,18x17x20 cm,15-03-2023,01-01-2025,A3DD1G,"ZNR,RW2",Green/Large,2
BN1JQ7XP,Smartphone,Home Appliances,Product_1B6QP,211.94,29,1,17x10x11 cm,15-03-2023,01-01-2024,7U17QI,"PSS,04Z",Blue/Medium,3
2SA5FUUK,Smartphone,Electronics,Product_000TS,72.94,90,1,19x10x8 cm,15-03-2023,01-01-2024,NF2WXO,"TS2,PZD",Green/Large,4
WLMLMEBC,Laptop,Electronics,Product_WXRHO,449.64,23,3,19x8x11 cm,30-07-2023,01-01-2026,7YYOTB,"JFV,5GS",Red/Small,4
96ZB8UNK,Laptop,Electronics,Product_9PVTT,367.47,99,3,15x12x17 cm,15-03-2023,01-01-2025,7MOKXT,"VLX,E8L",Green/Large,2
U99C4B62,Monitor,Clothing,Product_9PNMA,397.61,68,1,18x7x12 cm,30-07-2023,01-01-2026,MGPFPX,"7ZH,8O8",Red/Small,4
1MWGHGWD,Smartphone,Clothing,Product_PHDCZ,189.28,5,2,10x20x9 cm,01-01-2023,01-01-2024,T707X1,"CPF,EVC",Green/Large,4
EJ9SC6QN,Monitor,Electronics,Product_XSQ3U,459.95,66,2,5x8x13 cm,01-01-2023,01-01-2026,8HBEBH,"AWG,RA8",Green/Large,1
S6PAOSKV,Monitor,Home Appliances,Product_05E6C,410.3,28,1,8x9x10 cm,01-01-2023,01-01-2025,AYAERF,"X9F,NFC",Red/Small,1
H7ILI495,Headphones,Clothing,Product_NRFFR,383.36,14,1,16x18x11 cm,30-07-2023,01-01-2025,Z6R26O,"889,2LW",Red/Small,5
3R9BY99G,Headphones,Home Appliances,Product_4PYM4,182.18,74,2,17x10x13 cm,30-07-2023,01-01-2026,V9ZDAV,"9HS,QSQ",Green/Large,2
GS6UF5GL,Monitor,Clothing,Product_WKFMO,59.44,3,3,10x15x16 cm,30-07-2023,01-01-2025,WYTMQF,"UMS,4JR",Red/Small,4
2GQMXXI5,Headphones,Electronics,Product_K04KI,269.52,10,2,12x20x10 cm,01-01-2023,01-01-2025,KOYBYL,"QGQ,BEC",Red/Small,2
X9XQ18N6,Monitor,Home Appliances,Product_RHPAF,486.37,86,2,10x6x9 cm,15-03-2023,01-01-2024,XOXB49,"ESH,UXM",Blue/Medium,4
DIQPXKZ4,Headphones,Clothing,Product_TZEQV,404.83,18,1,17x16x9 cm,15-03-2023,01-01-2024,WTBA9Z,"MGN,8X4",Blue/Medium,3
NWKR5PNT,Monitor,Clothing,Product_3SMTP,242.81,74,3,11x9x18 cm,15-03-2023,01-01-2024,I8WH1Z,"KYG,2MP",Green/Large,5
YWUPRH5B,Monitor,Clothing,Product_3SO8D,442.57,35,2,8x20x9 cm,15-03-2023,01-01-2025,QBKE2A,"VC9,HWK",Green/Large,5
8W42ZAFJ,Laptop,Electronics,Product_HPLA9,399.81,100,3,18x9x16 cm,15-03-2023,01-01-2026,VUQ15N,"YDT,OOW",Blue/Medium,2
N15QCQ80,Smartphone,Home Appliances,Product_HKSED,443.7,4,2,9x11x12 cm,30-07-2023,01-01-2024,2OPQ8F,"W7J,KAV",Blue/Medium,4
7HQFFAXX,Monitor,Clothing,Product_M00DJ,252.62,73,2,6x16x18 cm,30-07-2023,01-01-2026,XVKG8I,"IFM,5BK",Blue/Medium,1
SI4NJ4NR,Laptop,Electronics,Product_8XBW6,15.29,29,2,13x19x15 cm,15-03-2023,01-01-2026,EZ5KZ6,"0TZ,I98",Blue/Medium,4
MXEWM8YV,Headphones,Home Appliances,Product_M9BRQ,60.4,75,3,11x16x16 cm,15-03-2023,01-01-2025,BZ7B33,"H9A,UJJ",Red/Small,2
SFD0Y99B,Smartphone,Electronics,Product_KFFGY,422.07,89,3,13x15x5 cm,30-07-2023,01-01-2024,ZN8S5N,"2J0,87O",Blue/Medium,4
WICG6BG0,Monitor,Home Appliances,Product_H00SC,454.65,71,1,11x20x9 cm,15-03-2023,01-01-2025,OSV8I4,"GC4,GNG",Green/Large,2
6L3K7IQX,Smartphone,Clothing,Product_ZN250,399.74,21,3,5x18x6 cm,01-01-2023,01-01-2026,PPP4GG,"W07,MUV",Green/Large,4
2U48FV18,Laptop,Electronics,Product_Q3CJL,218.37,45,3,11x5x17 cm,30-07-2023,01-01-2025,58GXCI,"D5C,73A",Red/Small,5
W17KQ498,Headphones,Home Appliances,Product_M0HQH,254.97,23,1,7x10x14 cm,01-01-2023,01-01-2026,ER16Y0,"9AE,K1V",Blue/Medium,4
TAI66AU2,Smartphone,Electronics,Product_FP48V,48.96,86,3,11x6x13 cm,15-03-2023,01-01-2026,N5ULYG,"07P,3KB",Blue/Medium,1
KKW755Q4,Headphones,Electronics,Product_WDYYV,367.74,71,1,19x12x19 cm,01-01-2023,01-01-2024,RVAH8V,"XBK,HEH",Green/Large,5
J5TKAJ7A,Laptop,Electronics,Product_QB06B,33.44,37,3,12x19x19 cm,15-03-2023,01-01-2026,KBQHQE,"EBP,FU2",Red/Small,4
RZPG8NKH,Smartphone,Clothing,Product_KYFHX,377.04,18,1,17x20x7 cm,15-03-2023,01-01-2024,PWH9SZ,"56J,1BT",Red/Small,2
X032AR49,Laptop,Home Appliances,Product_UB053,235.94,27,2,5x14x13 cm,30-07-2023,01-01-2024,B5W81P,"3P3,PMZ",Red/Small,5
TLOVQMM8,Headphones,Clothing,Product_L4JAH,85.22,57,1,9x10x10 cm,15-03-2023,01-01-2026,LZLZ7L,"1H7,T89",Green/Large,5
68SVB9QA,Smartphone,Electronics,Product_X76CD,269.22,15,2,19x13x19 cm,15-03-2023,01-01-2025,9TN8IP,"647,S27",Red/Small,4
CN9VTGCC,Smartphone,Clothing,Product_PBFYY,488.81,55,3,6x11x5 cm,15-03-2023,01-01-2025,AWLZ34,"5UJ,WZK",Red/Small,4
CRCCEYRU,Headphones,Home Appliances,Product_30RL7,321.17,93,2,19x10x5 cm,15-03-2023,01-01-2026,DIIH7T,"L2C,4Q5",Red/Small,5
RJL4C95S,Smartphone,Clothing,Product_541J2,10.8,42,1,9x19x17 cm,15-03-2023,01-01-2025,6L21NB,"4BO,BHT",Green/Large,1
KCU9HQ00,Headphones,Clothing,Product_XOSCP,451.94,38,2,6x13x7 cm,30-07-2023,01-01-2025,WUXRMY,"JUW,4PO",Blue/Medium,4
VB1Z4IOI,Laptop,Electronics,Product_1G8LS,268.1,35,2,11x9x14 cm,01-01-2023,01-01-2024,CWA78J,"O7Z,501",Red/Small,4
QCWZ8WPJ,Smartphone,Electronics,Product_7X268,452.74,22,2,16x18x13 cm,15-03-2023,01-01-2024,7F7PHS,"GYU,EP6",Red/Small,3
TWZ808PO,Monitor,Electronics,Product_T2KAQ,115.57,45,1,5x15x20 cm,30-07-2023,01-01-2024,D8HDXN,"VM0,INK",Green/Large,3
HKO1MTG4,Headphones,Clothing,Product_25J5W,415.53,86,1,20x12x16 cm,01-01-2023,01-01-2025,F8NIE9,"9BM,7Y5",Green/Large,3
L9Y509P9,Laptop,Home Appliances,Product_AHV1R,481.4,65,3,13x11x12 cm,15-03-2023,01-01-2026,4WU73R,"JNQ,0Q3",Blue/Medium,4
LZYF97SQ,Monitor,Home Appliances,Product_AMANU,280.21,60,1,17x16x6 cm,15-03-2023,01-01-2026,L7BG8E,"0WJ,K9I",Blue/Medium,2
70XYEQTG,Monitor,Electronics,Product_U4IN7,174.26,86,2,20x19x20 cm,01-01-2023,01-01-2024,0A988K,"98E,L4X",Green/Large,3
RGL6FELE,Laptop,Home Appliances,Product_CK839,480.27,84,2,5x6x14 cm,15-03-2023,01-01-2026,7VIG2N,"2T3,S0Q",Green/Large,2
O1CZ2U4B,Headphones,Clothing,Product_9F6HJ,166.48,48,1,17x20x15 cm,15-03-2023,01-01-2025,T8IHUN,"TR4,D5Q",Blue/Medium,5
GE9GIOKW,Laptop,Electronics,Product_X74RC,44.37,21,1,5x20x5 cm,30-07-2023,01-01-2026,168A7L,"FG3,9H4",Blue/Medium,1
FYYFV4PT,Smartphone,Electronics,Product_TX6QT,446.13,33,3,6x7x7 cm,30-07-2023,01-01-2024,58TJJB,"ONR,QON",Green/Large,2
KQP6G3JR,Headphones,Electronics,Product_OFOHG,159.06,43,3,11x16x8 cm,15-03-2023,01-01-2026,OFJUC2,"Y9B,M6R",Green/Large,2
1YDGR5LG,Smartphone,Home Appliances,Product_SQ0AV,34.83,32,1,6x20x8 cm,30-07-2023,01-01-2025,FR3GAT,"63J,X8Z",Blue/Medium,4
GRAHJXKL,Laptop,Home Appliances,Product_H2BPS,408.28,50,2,18x12x7 cm,01-01-2023,01-01-2024,RX0JCB,"HWM,MMK",Green/Large,4
FY5JE3PO,Monitor,Electronics,Product_A9CCP,48.82,24,3,19x5x18 cm,01-01-2023,01-01-2024,CBNWZU,"Q5R,X5O",Red/Small,5
XN8LFVYZ,Smartphone,Home Appliances,Product_BIC3P,406.18,76,1,16x9x6 cm,15-03-2023,01-01-2024,H9K1ZU,"ZV4,NI2",Red/Small,4
CIVDE07I,Smartphone,Electronics,Product_L2VS1,443.5,91,3,18x20x13 cm,15-03-2023,01-01-2025,GL8CZ2,"Q9F,C0R",Red/Small,2
BR11HXIW,Monitor,Clothing,Product_OKMXM,31.08,83,3,20x5x20 cm,30-07-2023,01-01-2025,G29L1I,"X5M,WWO",Blue/Medium,5
9GBZNAPX,Monitor,Electronics,Product_DT1MO,491.76,32,3,13x5x15 cm,01-01-2023,01-01-2026,5FLS9M,"XPI,A2T",Blue/Medium,3
OWU2PPL4,Laptop,Home Appliances,Product_X3M1X,11.18,39,1,7x19x17 cm,01-01-2023,01-01-2025,Q702BR,"N7D,GTV",Green/Large,2
G3VSK201,Smartphone,Electronics,Product_Q559D,272.57,41,3,5x11x6 cm,15-03-2023,01-01-2026,KOR4F4,"BQD,A9C",Red/Small,4
IFK69LPK,Monitor,Electronics,Product_QF9A3,297.22,2,3,19x18x17 cm,30-07-2023,01-01-2024,HQQDOM,"6QS,E4J",Green/Large,1
GVZ7JEBZ,Monitor,Home Appliances,Product_E40V9,197.43,56,2,18x7x19 cm,01-01-2023,01-01-2025,W0RSLK,"M8S,XTQ",Green/Large,3
ITP7UI8R,Smartphone,Home Appliances,Product_ANW20,419.47,43,2,16x19x13 cm,01-01-2023,01-01-2026,08JZQ7,"TB9,SIU",Blue/Medium,4
ZMSS6O50,Laptop,Electronics,Product_2ZXCD,307.28,65,1,14x7x9 cm,15-03-2023,01-01-2024,LQZ4KL,"ZBW,EN5",Red/Small,4
IKP9VWP6,Laptop,Clothing,Product_A84FW,427.2,99,1,16x17x6 cm,01-01-2023,01-01-2024,DHQ48X,"560,A6B",Red/Small,5
3899O1L7,Monitor,Clothing,Product_15OM5,56.45,67,3,12x14x19 cm,01-01-2023,01-01-2024,TE3EGW,"1FQ,AHT",Green/Large,3
XG5MWZOL,Laptop,Electronics,Product_0YVUJ,486.9,99,1,12x18x15 cm,30-07-2023,01-01-2025,CCLGJE,"SUH,869",Green/Large,5
ZZL7AB7U,Headphones,Electronics,Product_ICMQS,332.72,74,1,7x8x13 cm,01-01-2023,01-01-2026,Y0AUEA,"JRR,CE8",Red/Small,1
QJ4SCL8K,Smartphone,Electronics,Product_U6V4J,399.37,16,2,18x16x8 cm,15-03-2023,01-01-2024,3BLV68,"XYR,MT5",Red/Small,3
XMW6YWYZ,Headphones,Electronics,Product_IJ07L,159.99,62,1,18x14x10 cm,15-03-2023,01-01-2026,J5KN3V,"PB6,DJU",Red/Small,5
RF77M6T0,Monitor,Clothing,Product_0NXWJ,267.42,99,3,12x5x10 cm,01-01-2023,01-01-2024,XNVGKE,"8QV,1C3",Green/Large,1
4SAG43EU,Smartphone,Clothing,Product_S9YOR,290.35,70,1,7x8x16 cm,30-07-2023,01-01-2026,8FD29G,"RHU,RW4",Green/Large,3
XBWU7ZUL,Monitor,Clothing,Product_GA01S,375.81,42,2,12x15x15 cm,15-03-2023,01-01-2026,SOCYEP,"5M2,83X",Green/Large,4
BNN7529K,Monitor,Electronics,Product_TDBPO,458.94,2,3,14x10x17 cm,15-03-2023,01-01-2024,I6WREV,"EQK,AXE",Green/Large,4
GLXMA661,Smartphone,Home Appliances,Product_IT9H1,472.7,44,1,7x5x12 cm,30-07-2023,01-01-2024,VPD9PT,"7GA,NEF",Green/Large,1
UR8PDO0G,Headphones,Clothing,Product_6THKQ,191.2,62,2,10x11x13 cm,15-03-2023,01-01-2024,AWC9Z6,"D1W,7R8",Red/Small,3
ZWB55NSO,Laptop,Home Appliances,Product_8QZ9O,148.11,81,1,13x13x6 cm,30-07-2023,01-01-2024,L9L8Y2,"7FR,YI1",Green/Large,3
1D60ZTON,Headphones,Clothing,Product_EL0H2,402.53,30,3,15x12x9 cm,15-03-2023,01-01-2025,ZKM7C6,"QT1,O9D",Red/Small,4
8Q55W3WA,Smartphone,Home Appliances,Product_89CZV,227.51,73,1,17x15x10 cm,01-01-2023,01-01-2024,QJ1IHL,"Z6G,L9N",Green/Large,2
LNK04ICG,Monitor,Home Appliances,Product_2WAMH,489.11,63,3,10x10x18 cm,15-03-2023,01-01-2026,B3FZUY,"2WT,B7M",Green/Large,2
KUNVP8H8,Smartphone,Electronics,Product_OL3V4,264.86,48,1,19x6x20 cm,15-03-2023,01-01-2025,MUZL4P,"K9I,245",Blue/Medium,1
HLHSRO1R,Smartphone,Electronics,Product_QLJJO,152.65,31,3,13x16x17 cm,30-07-2023,01-01-2026,U4DM8Z,"ZUH,OHS",Blue/Medium,1
CW22KLW1,Headphones,Home Appliances,Product_J5HRE,162.18,88,2,20x16x7 cm,15-03-2023,01-01-2025,Z97UAF,"S39,8Z3",Green/Large,4
2V2BCFWX,Smartphone,Clothing,Product_KBPDV,54.74,42,1,10x11x9 cm,15-03-2023,01-01-2025,X12WRA,"IPC,SO8",Red/Small,1
TPF01ZOH,Smartphone,Home Appliances,Product_UBYP2,366.64,80,2,14x12x11 cm,01-01-2023,01-01-2025,FYLC4L,"GZB,2IN",Blue/Medium,1
KRJ06AQ6,Monitor,Home Appliances,Product_WEA1Y,296.41,61,3,5x13x13 cm,30-07-2023,01-01-2025,1GSTUQ,"5OH,MU1",Red/Small,2
GNFIHZ72,Monitor,Clothing,Product_57NK7,217.77,15,3,11x6x20 cm,30-07-2023,01-01-2026,ZFHB91,"K3U,FFB",Red/Small,2
6TZ1NQFG,Monitor,Home Appliances,Product_IVRM8,150.56,46,2,11x5x5 cm,01-01-2023,01-01-2025,8VG7UM,"DJF,O6E",Green/Large,5
